"ID","COHORT","TYPE","SAIL"
"32058122C","MARINE","C",1
"3202A122C","MARINE","C",1
"32491122C","MARINE","C",1
"31EE5122C","MARINE","C",1
"3219E122C","MARINE","C",1
"3229F122C","MARINE","C",1
"30072122C","MARINE","C",1
"2FD82122C","MARINE","C",1
"32399122C","MARINE","C",1
"323AA122C","MARINE","C",1
"32326122C","MARINE","C",1
"322A2122C","MARINE","C",1
"3221C122C","MARINE","C",1
"31ED3122C","MARINE","C",1
"31FAB122C","MARINE","C",1
"322A5122C","MARINE","C",1
"3284D122C","MARINE","C",1
"3284E122C","MARINE","C",1
"32027122C","MARINE","C",1
"321A7122C","MARINE","C",1
"325C6122C","MARINE","C",1
"3218D122C","MARINE","C",1
"31E58122C","MARINE","C",1
"3213A122C","MARINE","C",1
"3271B122C","MARINE","C",1
"2F7C6122C","MARINE","C",1
"31F25122C","MARINE","C",1
"2FE32122C","MARINE","C",1
"322A1122C","MARINE","C",1
"31F6E122C","MARINE","C",1
"32852122C","MARINE","C",1
"31EDB122C","MARINE","C",1
"3218B122C","MARINE","C",1
"31E4F122C","MARINE","C",1
"2FBC5122C","MARINE","C",1
"31ED5122C","MARINE","C",1
"2FFE3122C","MARINE","C",1
"32653122C","MARINE","C",1
"320E6122C","MARINE","C",1
"3242E122C","MARINE","C",1
"320E8122C","MARINE","C",1
"32229122C","MARINE","C",1
"3222A122C","MARINE","C",1
"31F64122C","MARINE","C",1
"32029122C","MARINE","C",1
"32435122C","MARINE","C",1
"32649122C","MARINE","C",1
"324B6122C","MARINE","C",1
"32495122C","MARINE","C",1
"3230F122C","MARINE","C",1
"321A5122C","MARINE","C",1
"3204C122C","MARINE","C",1
"32188122C","MARINE","C",1
"3250D122C","MARINE","C",1
"320B6122C","MARINE","C",1
"2EB7C122C","MARINE","C",1
"31E50122C","MARINE","C",1
"3222D122C","MARINE","C",1
"2EE1B122C","MARINE","C",1
"3259C122C","MARINE","C",1
"3241A122C","MARINE","C",1
"324B7122C","MARINE","C",1
"32230122C","MARINE","C",1
"32134122C","MARINE","C",1
"321A4122C","MARINE","C",1
"3229E122C","MARINE","C",1
"32493122C","MARINE","C",1
"3239C122C","MARINE","C",1
"32213122C","MARINE","C",1
"32026122C","MARINE","C",1
"32320122C","MARINE","C",1
"3219F122C","MARINE","C",1
"32125122C","MARINE","C",1
"3259B122C","MARINE","C",1
"3248C122C","MARINE","C",1
"320E4122C","MARINE","C",1
"32233122C","MARINE","C",1
"3219D122C","MARINE","C",1
"3221A122C","MARINE","C",1
"325C1122C","MARINE","C",1
"2EB1E122C","MARINE","C",1
"32190122C","MARINE","C",1
"3229B122C","MARINE","C",1
"3239A122C","MARINE","C",1
"31F68122C","MARINE","C",1
"31F29122C","MARINE","C",1
"32123122C","MARINE","C",1
"32432122C","MARINE","C",1
"3222C122C","MARINE","C",1
"3221B122C","MARINE","C",1
"323A0122C","MARINE","C",1
"32325122C","MARINE","C",1
"32398122C","MARINE","C",1
"320E3122C","MARINE","C",1
"32798122C","MARINE","C",1
"3242D122C","MARINE","C",1
"322A0122C","MARINE","C",1
"322A7122C","MARINE","C",1
"32415122C","MARINE","C",1
"3229D122C","MARINE","C",1
"320E2122C","MARINE","C",1
"32216122C","MARINE","C",1
"3211B122C","MARINE","C",1
"32232122C","MARINE","C",1
"323A6122C","MARINE","C",1
"3239D122C","MARINE","C",1
"327CB122C","MARINE","C",1
"32299122C","MARINE","C",1
"324B9122C","MARINE","C",1
"324B2122C","MARINE","C",1
"32853122C","MARINE","C",1
"32327122C","MARINE","C",1
"3205D122C","MARINE","C",1
"31FAE122C","MARINE","C",1
"326B1122C","MARINE","C",1
"30073122C","MARINE","C",1
"3241D122C","MARINE","C",1
"32297122C","MARINE","C",1
"3232A122C","MARINE","C",1
"3248D122C","MARINE","C",1
"32211122C","MARINE","C",1
"2F63A122C","MARINE","C",1
"3288B122C","MARINE","C",1
"324AE122C","MARINE","C",1
"31FA5122C","MARINE","C",1
"31F2B122C","MARINE","C",1
"32022122C","MARINE","C",1
"31FA9122C","MARINE","C",1
"3229C122C","MARINE","C",1
"3213D122C","MARINE","C",1
"3213E122C","MARINE","C",1
"3248A122C","MARINE","C",1
"31FD7122C","MARINE","C",1
"3202C122C","MARINE","C",1
"3280C122C","MARINE","C",1
"32312122C","MARINE","C",1
"32436122C","MARINE","C",1
"3218E122C","MARINE","C",1
"31FD3122C","MARINE","C",1
"2ECFB122C","MARINE","C",1
"3000F122C","MARINE","C",1
"2F394122C","MARINE","C",1
"2FD75122C","MARINE","C",1
"2FFDE122C","MARINE","C",1
"2FC95122C","MARINE","C",1
"2FE35122C","MARINE","C",1
"2FE33122C","MARINE","C",1
"2FE83122C","MARINE","C",1
"30103122C","MARINE","C",1
"2FF54122C","MARINE","C",1
"2F0D4122C","MARINE","C",1
"2EBCC122C","MARINE","C",1
"2EC06122C","MARINE","C",1
"2F2F7122C","MARINE","C",1
"300F8122C","MARINE","C",1
"2FF09122C","MARINE","C",1
"2FF92122C","MARINE","C",1
"30018122C","MARINE","C",1
"2F3FD122C","MARINE","C",1
"2ED9A122C","MARINE","C",1
"2F84F122C","GAMING","C",1
"2FC27122C","GAMING","C",1
"2FCFE122C","GAMING","C",1
"2F582122C","GAMING","C",1
"2F956122C","GAMING","C",1
"2F69E122C","GAMING","C",1
"2FD86122C","GAMING","C",1
"2FA03122C","GAMING","C",1
"2FD18122C","GAMING","C",1
"3000E122C","GAMING","C",1
"2FEC8122C","GAMING","C",1
"2F955122C","GAMING","C",1
"2F7C9122C","GAMING","C",1
"2FD8A122C","GAMING","C",1
"2FE38122C","GAMING","C",1
"2FE37122C","GAMING","C",1
"30070122C","GAMING","C",1
"2FD85122C","GAMING","C",1
"2F7CE122C","GAMING","C",1
"2FCB2122C","GAMING","C",1
"2F6AE122C","GAMING","C",1
"2FDAA122C","GAMING","C",1
"2FC28122C","GAMING","C",1
"2EB52122C","GAMING","C",1
"2F8E9122C","GAMING","C",1
"2FD16122C","GAMING","C",1
"2FCFA122C","GAMING","C",1
"2EBD1122C","GAMING","C",1
"2FC0F122C","GAMING","C",1
"300A5122C","GAMING","C",1
"2FE8A122C","GAMING","C",1
"2555C122B","GAMING","C",1
"2FC9A122C","GAMING","C",1
"2F6A8122C","GAMING","C",1
"2FEC6122C","GAMING","C",1
"2F953122C","GAMING","C",1
"2EBC0122C","GAMING","C",1
"2FBF9122C","GAMING","C",1
"2FD84122C","GAMING","C",1
"326B3122C","GAMING","C",1
"2FBC6122C","GAMING","C",1
"2FE86122C","GAMING","C",1
"2F69C122C","GAMING","C",1
"2FD89122C","GAMING","C",1
"2FF98122C","GAMING","C",1
"2FFE6122C","GAMING","C",1
"300FD122C","GAMING","C",1
"2FDF4122C","GAMING","C",1
"2F6AC122C","GAMING","C",1
"2F852122C","GAMING","C",1
"30012122C","GAMING","C",1
"2FE31122C","GAMING","C",1
"2FD02122C","GAMING","C",1
"2FD0E122C","GAMING","C",1
"2F973122C","GAMING","C",1
"2FE3A122C","GAMING","C",1
"2F7C8122C","GAMING","C",1
"31FFD122C","GAMING","C",1
"2FDA8122C","GAMING","C",1
"2EBF5122C","GAMING","C",1
"2F8D4122C","GAMING","C",1
"2F85B122C","GAMING","C",1
"2FCA7122C","GAMING","C",1
"326AA122C","GAMING","C",1
"2F8DF122C","GAMING","C",1
"2F69F122C","GAMING","C",1
"2FF04122C","GAMING","C",1
"2FF59122C","GAMING","C",1
"2FF03122C","GAMING","C",1
"2F631122C","GAMING","C",1
"3262E122C","GAMING","C",1
"2F8D6122C","GAMING","C",1
"2FD72122C","GAMING","C",1
"2F6A4122C","GAMING","C",1
"2FCAC122C","GAMING","C",1
"2F9DA122C","GAMING","C",1
"2FC97122C","GAMING","C",1
"2F958122C","GAMING","C",1
"2F583122C","GAMING","C",1
"3213C122C","GAMING","C",1
"2F84E122C","GAMING","C",1
"2F7B9122C","GAMING","C",1
"2FD15122C","GAMING","C",1
"2EC00122C","GAMING","C",1
"2FBA6122C","GAMING","C",1
"2FC90122C","GAMING","C",1
"2FDAC122C","GAMING","C",1
"2F630122C","GAMING","C",1
"2FC2B122C","GAMING","C",1
"2FCAF122C","GAMING","C",1
"2FBA5122C","GAMING","C",1
"2F7CB122C","GAMING","C",1
"2FDF0122C","GAMING","C",1
"2F6A2122C","GAMING","C",1
"2F8D3122C","GAMING","C",1
"2F6A6122C","GAMING","C",1
"2FE36122C","GAMING","C",1
"2EDFA122C","GAMING","C",1
"2F8E3122C","GAMING","C",1
"2FED3122C","GAMING","C",1
"2FD8D122C","GAMING","C",1
"2EC02122C","GAMING","C",1
"2FDE2122C","GAMING","C",1
"2FE3C122C","GAMING","C",1
"30132122C","GAMING","C",1
"2F6A5122C","GAMING","C",1
"2F858122C","GAMING","C",1
"2F96C122C","GAMING","C",1
"2F8D9122C","GAMING","C",1
"3204D122C","GAMING","C",1
"2ECF5122C","GAMING","C",1
"3250E122C","GAMING","C",1
"2FD17122C","GAMING","C",1
"325BE122C","GAMING","C",1
"2EC91122C","GAMING","C",1
"2F6AA122C","GAMING","C",1
"2F972122C","GAMING","C",1
"2FCB0122C","GAMING","C",1
"2FC93122C","GAMING","C",1
"31C02122C","GAMING","C",1
"2F971122C","GAMING","C",1
"31F2E122C","GAMING","C",1
"2F974122C","GAMING","C",1
"31CD7122C","GAMING","C",1
"2FC2E122C","GAMING","C",1
"2F7B5122C","GAMING","C",1
"2F8E2122C","GAMING","C",1
"2F96E122C","GAMING","C",1
"2F7CA122C","GAMING","C",1
"2F9F8122C","GAMING","C",1
"30136122C","GAMING","C",1
"2EE20122C","GAMING","C",1
"2FE88122C","GAMING","C",1
"2F95C122C","GAMING","C",1
"2F637122C","GAMING","C",1
"2F5A5122C","GAMING","C",1
"2FD11122C","GAMING","C",1
"2EBD7122C","GAMING","C",1
"2FDA4122C","GAMING","C",1
"30071122C","GAMING","C",1
"2FE8B122C","GAMING","C",1
"2FF07122C","GAMING","C",1
"2FDAD122C","GAMING","C",1
"2FD8C122C","GAMING","C",1
"2F5B2122C","GAMING","C",1
"30016122C","GAMING","C",1
"2F8E6122C","GAMING","C",1
"2F392122C","GAMING","C",1
"300A0122C","GAMING","C",1
"2F851122C","GAMING","C",1
"2FF90122C","GAMING","C",1
"2F580122C","GAMING","C",1
"2FCAD122C","GAMING","C",1
"2F8DB122C","GAMING","C",1
"2F957122C","GAMING","C",1
"2F6A3122C","GAMING","C",1
"2F96D122C","GAMING","C",1
"2F0C2122C","GAMING","C",1
"2FBC4122C","GAMING","C",1
"2FF08122C","GAMING","C",1
"2EBF9122C","GAMING","C",1
"2FF0B122C","GAMING","C",1
"2FC92122C","GAMING","C",1
"2FED0122C","CAGE & SURV","C",1
"2FFE7122C","CAGE & SURV","C",1
"2FD88122C","CAGE & SURV","C",1
"2F699122C","CAGE & SURV","C",1
"3001A122C","CAGE & SURV","C",1
"2FD19122C","CAGE & SURV","C",1
"2EF39122C","CAGE & SURV","C",1
"2FDA5122C","CAGE & SURV","C",1
"2FD83122C","CAGE & SURV","C",1
"300F9122C","CAGE & SURV","C",1
"2F2D6122C","CAGE & SURV","C",1
"2FD0C122C","CAGE & SURV","C",1
"2FF8F122C","CAGE & SURV","C",1
"2F73A122C","CAGE & SURV","C",1
"2F6AD122C","CAGE & SURV","C",1
"2FFE4122C","CAGE & SURV","C",1
"2F8D7122C","CAGE & SURV","C",1
"30131122C","CAGE & SURV","C",1
"2FF5C122C","CAGE & SURV","C",1
"2F7B7122C","CAGE & SURV","C",1
"2EBC8122C","CAGE & SURV","C",1
"2F3EF122C","CAGE & SURV","C",1
"2FF57122C","CAGE & SURV","C",1
"2F85A122C","CAGE & SURV","C",1
"2FED1122C","CAGE & SURV","C",1
"3006C122C","CAGE & SURV","C",1
"2FD71122C","CAGE & SURV","C",1
"2FE8D122C","CAGE & SURV","C",1
"2F859122C","CAGE & SURV","C",1
"2EBD6122C","CAGE & SURV","C",1
"300A4122C","CAGE & SURV","C",1
"2F8D5122C","CAGE & SURV","C",1
"2FD8B122C","CAGE & SURV","C",1
"2FD00122C","CAGE & SURV","C",1
"30139122C","CAGE & SURV","C",1
"2FFE8122C","CAGE & SURV","C",1
"2FE30122C","CAGE & SURV","C",1
"30100122C","CAGE & SURV","C",1
"2FFE1122C","CAGE & SURV","C",1
"2F1CC122C","CAGE & SURV","C",1
"322A6122C","HOTEL SMALL","C",1
"2AFC1122B","HOTEL SMALL","C",1
"311F5122C","HOTEL SMALL","C",1
"3126D122C","HOTEL SMALL","C",1
"31D9E122C","HOTEL SMALL","C",1
"2AFE0122B","HOTEL SMALL","C",1
"2FC30122C","HOTEL SMALL","C",1
"2AFDC122B","HOTEL SMALL","C",1
"2AFF2122B","HOTEL SMALL","C",1
"2B017122B","HOTEL SMALL","C",1
"314AD122C","HOTEL SMALL","C",1
"311F2122C","HOTEL SMALL","C",1
"2B075122B","HOTEL SMALL","C",1
"2AFDD122B","HOTEL SMALL","C",1
"2AFDB122B","HOTEL SMALL","C",1
"313A0122C","HOTEL SMALL","C",1
"2B058122B","HOTEL SMALL","C",1
"2AFE5122B","HOTEL SMALL","C",1
"31DC9122C","HOTEL SMALL","C",1
"326AF122C","HOTEL SMALL","C",1
"2F6A1122C","HOTEL SMALL","C",1
"31B37122C","HOTEL SMALL","C",1
"2F72D122C","HOTEL SMALL","C",1
"2B01D122B","HOTEL SMALL","C",1
"3127E122C","HOTEL SMALL","C",1
"3136C122C","HOTEL SMALL","C",1
"2AF4C122B","HOTEL SMALL","C",1
"2AFDE122B","HOTEL SMALL","C",1
"31220122C","HOTEL SMALL","C",1
"2B01E122B","HOTEL SMALL","C",1
"2AFBA122B","HOTEL SMALL","C",1
"2AFDF122B","HOTEL SMALL","C",1
"2B070122B","HOTEL SMALL","C",1
"2AF1C122B","HOTEL SMALL","C",1
"2B054122B","HOTEL SMALL","C",1
"2F69A122C","HOTEL SMALL","C",1
"3126A122C","HOTEL SMALL","C",1
"2AFF4122B","HOTEL SMALL","C",1
"3001E122C","HOTEL SMALL","C",1
"2FBA2122C","HOTEL SMALL","C",1
"2F9D4122C","HOTEL SMALL","C",1
"2FD73122C","HOTEL SMALL","C",1
"2FB9B122C","HOTEL SMALL","C",1
"2FF56122C","HOTEL SMALL","C",1
"2F9FA122C","HOTEL SMALL","C",1
"2FD1A122C","HOTEL SMALL","C",1
"2FBBF122C","HOTEL SMALL","C",1
"2FD1B122C","HOTEL SMALL","C",1
"2F976122C","HOTEL SMALL","C",1
"2F8E5122C","HOTEL SMALL","C",1
"2F7CD122C","HOTEL SMALL","C",1
"2F584122C","HOTEL SMALL","C",1
"2FCAE122C","HOTEL SMALL","C",1
"2F9D7122C","HOTEL SMALL","C",1
"2FD6F122C","HOTEL SMALL","C",1
"30303122C","HOTEL SMALL","C",1
"2FC01122C","HOTEL SMALL","C",1
"2EB71122C","HOTEL SMALL","C",1
"2F96F122C","HOTEL SMALL","C",1
"2F9D8122C","HOTEL SMALL","C",1
"2F57E122C","HOTEL SMALL","C",1
"30011122C","HOTEL SMALL","C",1
"2FCAA122C","HOTEL SMALL","C",1
"2F8DD122C","HOTEL SMALL","C",1
"2F742122C","HOTEL SMALL","C",1
"2FBA3122C","HOTEL SMALL","C",1
"2FBC8122C","HOTEL SMALL","C",1
"2FD14122C","HOTEL SMALL","C",1
"2FB9D122C","HOTEL SMALL","C",1
"2FDE8122C","HOTEL SMALL","C",1
"2FD13122C","HOTEL SMALL","C",1
"2F7D0122C","HOTEL SMALL","C",1
"2F8D8122C","HOTEL SMALL","C",1
"2FBC7122C","HOTEL SMALL","C",1
"2EC87122C","HOTEL SMALL","C",1
"2EC04122C","HOTEL SMALL","C",1
"2F51E122C","HOTEL SMALL","C",1
"2EB6F122C","HOTEL SMALL","C",1
"2FDE6122C","HOTEL SMALL","C",1
"2AFFB122B","HSKP & LAUNDRY","C",1
"31E2A122C","HSKP & LAUNDRY","C",1
"3218F122C","HSKP & LAUNDRY","C",1
"2AF48122B","HSKP & LAUNDRY","C",1
"2EA64122C","HSKP & LAUNDRY","C",1
"2B05A122B","HSKP & LAUNDRY","C",1
"2B053122B","HSKP & LAUNDRY","C",1
"31427122C","HSKP & LAUNDRY","C",1
"2B05B122B","HSKP & LAUNDRY","C",1
"2AF9E122B","HSKP & LAUNDRY","C",1
"31481122C","HSKP & LAUNDRY","C",1
"2B018122B","HSKP & LAUNDRY","C",1
"31370122C","HSKP & LAUNDRY","C",1
"312F5122C","HSKP & LAUNDRY","C",1
"31217122C","HSKP & LAUNDRY","C",1
"2AF4D122B","HSKP & LAUNDRY","C",1
"31271122C","HSKP & LAUNDRY","C",1
"311FF122C","HSKP & LAUNDRY","C",1
"313F6122C","HSKP & LAUNDRY","C",1
"31201122C","HSKP & LAUNDRY","C",1
"2AF9F122B","HSKP & LAUNDRY","C",1
"2AFC2122B","HSKP & LAUNDRY","C",1
"2B05C122B","HSKP & LAUNDRY","C",1
"314FA122C","HSKP & LAUNDRY","C",1
"31268122C","HSKP & LAUNDRY","C",1
"31224122C","HSKP & LAUNDRY","C",1
"320B7122C","HSKP & LAUNDRY","C",1
"31D60122C","HSKP & LAUNDRY","C",1
"317A2122C","HSKP & LAUNDRY","C",1
"323A7122C","HSKP & LAUNDRY","C",1
"2AF6A122B","HSKP & LAUNDRY","C",1
"2AFA3122B","HSKP & LAUNDRY","C",1
"313F2122C","HSKP & LAUNDRY","C",1
"314AA122C","HSKP & LAUNDRY","C",1
"2AFBC122B","HSKP & LAUNDRY","C",1
"2AFE3122B","HSKP & LAUNDRY","C",1
"31277122C","HSKP & LAUNDRY","C",1
"3152D122C","HSKP & LAUNDRY","C",1
"31526122C","HSKP & LAUNDRY","C",1
"2AEEF122B","HSKP & LAUNDRY","C",1
"31279122C","HSKP & LAUNDRY","C",1
"313A2122C","HSKP & LAUNDRY","C",1
"3152E122C","HSKP & LAUNDRY","C",1
"2B016122B","HSKP & LAUNDRY","C",1
"2B05E122B","HSKP & LAUNDRY","C",1
"2AFF9122B","HSKP & LAUNDRY","C",1
"31B32122C","HSKP & LAUNDRY","C",1
"317B2122C","HSKP & LAUNDRY","C",1
"31A5B122C","HSKP & LAUNDRY","C",1
"31D5F122C","HSKP & LAUNDRY","C",1
"31A55122C","HSKP & LAUNDRY","C",1
"31430122C","HSKP & LAUNDRY","C",1
"31301122C","HSKP & LAUNDRY","C",1
"31E56122C","HSKP & LAUNDRY","C",1
"31AE0122C","HSKP & LAUNDRY","C",1
"32293122C","HSKP & LAUNDRY","C",1
"31A22122C","HSKP & LAUNDRY","C",1
"32430122C","HSKP & LAUNDRY","C",1
"31D62122C","HSKP & LAUNDRY","C",1
"3139E122C","HSKP & LAUNDRY","C",1
"31376122C","HSKP & LAUNDRY","C",1
"31431122C","HSKP & LAUNDRY","C",1
"311F4122C","HSKP & LAUNDRY","C",1
"31C87122C","HSKP & LAUNDRY","C",1
"31BB3122C","HSKP & LAUNDRY","C",1
"31D08122C","HSKP & LAUNDRY","C",1
"2B01A122B","HSKP & LAUNDRY","C",1
"3127B122C","HSKP & LAUNDRY","C",1
"32055122C","HSKP & LAUNDRY","C",1
"31ADF122C","HSKP & LAUNDRY","C",1
"31A53122C","HSKP & LAUNDRY","C",1
"31BBB122C","HSKP & LAUNDRY","C",1
"2B06F122B","HSKP & LAUNDRY","C",1
"320B9122C","HSKP & LAUNDRY","C",1
"3222E122C","HSKP & LAUNDRY","C",1
"31A1F122C","HSKP & LAUNDRY","C",1
"31C41122C","HSKP & LAUNDRY","C",1
"317A8122C","HSKP & LAUNDRY","C",1
"3182D122C","HSKP & LAUNDRY","C",1
"2EEBE122C","HSKP & LAUNDRY","C",1
"314AC122C","HSKP & LAUNDRY","C",1
"31BFC122C","HSKP & LAUNDRY","C",1
"2AF67122B","HSKP & LAUNDRY","C",1
"31BB6122C","HSKP & LAUNDRY","C",1
"31762122C","HSKP & LAUNDRY","C",1
"3241F122C","HSKP & LAUNDRY","C",1
"31372122C","HSKP & LAUNDRY","C",1
"31FFE122C","HSKP & LAUNDRY","C",1
"3275E122C","HSKP & LAUNDRY","C",1
"314B2122C","HSKP & LAUNDRY","C",1
"32394122C","HSKP & LAUNDRY","C",1
"31CD2122C","HSKP & LAUNDRY","C",1
"2B019122B","HSKP & LAUNDRY","C",1
"2B021122B","HSKP & LAUNDRY","C",1
"312F7122C","HSKP & LAUNDRY","C",1
"2B01B122B","HSKP & LAUNDRY","C",1
"2AFFA122B","HSKP & LAUNDRY","C",1
"3013C122C","HSKP & LAUNDRY","C",1
"31C89122C","HSKP & LAUNDRY","C",1
"3006E122C","HSKP & LAUNDRY","C",1
"31BB2122C","HSKP & LAUNDRY","C",1
"31D5B122C","HSKP & LAUNDRY","C",1
"2B059122B","HSKP & LAUNDRY","C",1
"3147A122C","HSKP & LAUNDRY","C",1
"311FD122C","HSKP & LAUNDRY","C",1
"31222122C","HSKP & LAUNDRY","C",1
"2AFF8122B","HSKP & LAUNDRY","C",1
"31C3F122C","HSKP & LAUNDRY","C",1
"2AF64122B","HSKP & LAUNDRY","C",1
"313A1122C","HSKP & LAUNDRY","C",1
"2B05D122B","HSKP & LAUNDRY","C",1
"2AFB8122B","HSKP & LAUNDRY","C",1
"2B056122B","HSKP & LAUNDRY","C",1
"31AE6122C","HSKP & LAUNDRY","C",1
"2AFC3122B","HSKP & LAUNDRY","C",1
"31270122C","HSKP & LAUNDRY","C",1
"2AFF3122B","HSKP & LAUNDRY","C",1
"313F0122C","HSKP & LAUNDRY","C",1
"3147D122C","HSKP & LAUNDRY","C",1
"31304122C","HSKP & LAUNDRY","C",1
"31307122C","HSKP & LAUNDRY","C",1
"312FD122C","F&B","C",1
"2AFE4122B","F&B","C",1
"31587122C","F&B","C",1
"31530122C","F&B","C",1
"2FF5A122C","F&B","C",1
"2FDEE122C","F&B","C",1
"32490122C","F&B","C",1
"31992122C","F&B","C",1
"2F072122C","F&B","C",1
"31AA8122C","F&B","C",1
"31DCB122C","F&B","C",1
"3175F122C","F&B","C",1
"31BB7122C","F&B","C",1
"31B33122C","F&B","C",1
"2B074122B","F&B","C",1
"2EC50122C","F&B","C",1
"32420122C","F&B","C",1
"2AFF6122B","F&B","C",1
"2AFFD122B","F&B","C",1
"3211D122C","F&B","C",1
"3198C122C","F&B","C",1
"31E28122C","F&B","C",1
"319C7122C","F&B","C",1
"31B3A122C","F&B","C",1
"31BFD122C","F&B","C",1
"31C47122C","F&B","C",1
"31C46122C","F&B","C",1
"31F6A122C","F&B","C",1
"31D0C122C","F&B","C",1
"31C03122C","F&B","C",1
"3126C122C","F&B","C",1
"320EC122C","F&B","C",1
"31C42122C","F&B","C",1
"31D98122C","F&B","C",1
"317B0122C","F&B","C",1
"317AC122C","F&B","C",1
"31C91122C","F&B","C",1
"31DD3122C","F&B","C",1
"3198D122C","F&B","C",1
"325A1122C","F&B","C",1
"31F6D122C","F&B","C",1
"319D2122C","F&B","C",1
"31A54122C","F&B","C",1
"2EF75122C","F&B","C",1
"31B74122C","F&B","C",1
"3137C122C","F&B","C",1
"2AFE1122B","F&B","C",1
"31B36122C","F&B","C",1
"2AFA5122B","F&B","C",1
"317B5122C","F&B","C",1
"31C04122C","F&B","C",1
"32511122C","F&B","C",1
"31A58122C","F&B","C",1
"2EB90122C","F&B","C",1
"319CA122C","F&B","C",1
"3175E122C","F&B","C",1
"31AE5122C","F&B","C",1
"31BB9122C","F&B","C",1
"32889122C","F&B","C",1
"31C8E122C","F&B","C",1
"2FF96122C","F&B","C",1
"2EE5A122C","F&B","C",1
"2EAC2122C","F&B","C",1
"2F7B1122C","F&B","C",1
"31306122C","F&B","C",1
"31A1D122C","F&B","C",1
"3275F122C","F&B","C",1
"2FCB1122C","F&B","C",1
"31A20122C","F&B","C",1
"2FFDF122C","F&B","C",1
"31B6D122C","F&B","C",1
"3127D122C","F&B","C",1
"32418122C","F&B","C",1
"2F398122C","F&B","C",1
"2F72C122C","F&B","C",1
"31894122C","F&B","C",1
"32050122C","F&B","C",1
"2F856122C","F&B","C",1
"32725122C","F&B","C",1
"3201D122C","F&B","C",1
"31941122C","F&B","C",1
"2FC99122C","F&B","C",1
"31D0F122C","F&B","C",1
"319CF122C","F&B","C",1
"31B71122C","F&B","C",1
"3271E122C","F&B","C",1
"31BB4122C","F&B","C",1
"31940122C","F&B","C",1
"3198E122C","F&B","C",1
"318B4122C","F&B","C",1
"319D0122C","F&B","C",1
"3126F122C","F&B","C",1
"317AE122C","F&B","C",1
"314FD122C","F&B","C",1
"319CB122C","F&B","C",1
"31A19122C","F&B","C",1
"31A1C122C","F&B","C",1
"3193C122C","F&B","C",1
"319CC122C","F&B","C",1
"32756122C","F&B","C",1
"3139C122C","F&B","C",1
"315AF122C","F&B","C",1
"32797122C","F&B","C",1
"32311122C","F&B","C",1
"313EF122C","F&B","C",1
"31C8C122C","F&B","C",1
"327D1122C","F&B","C",1
"31990122C","F&B","C",1
"31891122C","F&B","C",1
"3152C122C","F&B","C",1
"31617122C","F&B","C",1
"3193A122C","F&B","C",1
"31483122C","F&B","C",1
"31715122C","F&B","C",1
"318B6122C","F&B","C",1
"314FC122C","F&B","C",1
"3188D122C","F&B","C",1
"31501122C","F&B","C",1
"3137F122C","F&B","C",1
"31E55122C","F&B","C",1
"314AB122C","F&B","C",1
"3152F122C","F&B","C",1
"31EDD122C","F&B","C",1
"32030122C","F&B","C",1
"32056122C","F&B","C",1
"32629122C","F&B","C",1
"31E20122C","F&B","C",1
"316ED122C","F&B","C",1
"2F7CC122C","F&B","C",1
"3142E122C","F&B","C",1
"2F7B8122C","F&B","C",1
"313A3122C","F&B","C",1
"31AA4122C","F&B","C",1
"31945122C","F&B","C",1
"3147B122C","F&B","C",1
"3175C122C","F&B","C",1
"2EA3A122C","F&B","C",1
"31901122C","F&B","C",1
"3130C122C","F&B","C",1
"3142F122C","F&B","C",1
"317F3122C","F&B","C",1
"31831122C","F&B","C",1
"314FB122C","F&B","C",1
"2FF8E122C","F&B","C",1
"2FEC2122C","F&B","C",1
"2AFBE122B","F&B","C",1
"2B01F122B","F&B","C",1
"31A23122C","F&B","C",1
"31276122C","F&B","C",1
"314A8122C","F&B","C",1
"2AFFC122B","F&B","C",1
"31AEA122C","F&B","C",1
"2F0EC122C","F&B","C",1
"2ECFA122C","F&B","C",1
"31DCD122C","F&B","C",1
"31A5C122C","F&B","C",1
"31AE7122C","F&B","C",1
"2B055122B","F&B","C",1
"31FAC122C","F&B","C",1
"319C8122C","F&B","C",1
"2FDE1122C","F&B","C",1
"30135122C","F&B","C",1
"313ED122C","F&B","C",1
"30074122C","F&B","C",1
"31825122C","F&B","C",1
"324B1122C","F&B","C",1
"2EB8A122C","F&B","C",1
"313F4122C","F&B","C",1
"31500122C","F&B","C",1
"31713122C","F&B","C",1
"31C01122C","F&B","C",1
"31B72122C","F&B","C",1
"318B2122C","F&B","C",1
"3158D122C","F&B","C",1
"31503122C","F&B","C",1
"3142D122C","F&B","C",1
"31942122C","F&B","C",1
"3127C122C","F&B","C",1
"31660122C","F&B","C",1
"317AA122C","F&B","C",1
"3130B122C","GALLEY","C",1
"31589122C","GALLEY","C",1
"3001C122C","GALLEY","C",1
"314B3122C","GALLEY","C",1
"31881122C","GALLEY","C",1
"314A9122C","GALLEY","C",1
"31909122C","GALLEY","C",1
"3259E122C","GALLEY","C",1
"313EC122C","GALLEY","C",1
"3142C122C","GALLEY","C",1
"31B6F122C","GALLEY","C",1
"31AE3122C","GALLEY","C",1
"31588122C","GALLEY","C",1
"2FE87122C","GALLEY","C",1
"31997122C","GALLEY","C",1
"31C8D122C","GALLEY","C",1
"31DD6122C","GALLEY","C",1
"31C44122C","GALLEY","C",1
"31531122C","GALLEY","C",1
"325A3122C","GALLEY","C",1
"31533122C","GALLEY","C",1
"31AE1122C","GALLEY","C",1
"31BB8122C","GALLEY","C",1
"32630122C","GALLEY","C",1
"3253D122C","GALLEY","C",1
"31EDF122C","GALLEY","C",1
"32057122C","GALLEY","C",1
"32726122C","GALLEY","C",1
"31E54122C","GALLEY","C",1
"3147E122C","GALLEY","C",1
"31EAC122C","GALLEY","C",1
"32234122C","GALLEY","C",1
"326B4122C","GALLEY","C",1
"32792122C","GALLEY","C",1
"2F3B1122C","GALLEY","C",1
"31D61122C","GALLEY","C",1
"2F071122C","GALLEY","C",1
"326B7122C","GALLEY","C",1
"32515122C","GALLEY","C",1
"2F95D122C","GALLEY","C",1
"32132122C","GALLEY","C",1
"31FFA122C","GALLEY","C",1
"325C4122C","GALLEY","C",1
"32431122C","GALLEY","C",1
"326A7122C","GALLEY","C",1
"3264E122C","GALLEY","C",1
"32020122C","GALLEY","C",1
"32023122C","GALLEY","C",1
"324AF122C","GALLEY","C",1
"31F27122C","GALLEY","C",1
"31FDA122C","GALLEY","C",1
"32137122C","GALLEY","C",1
"3201E122C","GALLEY","C",1
"3201F122C","GALLEY","C",1
"31D12122C","GALLEY","C",1
"2FDE4122C","GALLEY","C",1
"31D5A122C","GALLEY","C",1
"32626122C","GALLEY","C",1
"31C8B122C","GALLEY","C",1
"31BFA122C","GALLEY","C",1
"32546122C","GALLEY","C",1
"31FA7122C","GALLEY","C",1
"32126122C","GALLEY","C",1
"32028122C","GALLEY","C",1
"30275122C","GALLEY","C",1
"326B5122C","GALLEY","C",1
"31FD8122C","GALLEY","C",1
"3211C122C","GALLEY","C",1
"31FDB122C","GALLEY","C",1
"32514122C","GALLEY","C",1
"32060122C","GALLEY","C",1
"32654122C","GALLEY","C",1
"325C7122C","GALLEY","C",1
"31DC7122C","GALLEY","C",1
"3262C122C","GALLEY","C",1
"326A8122C","GALLEY","C",1
"326B6122C","GALLEY","C",1
"31E25122C","GALLEY","C",1
"32214122C","GALLEY","C",1
"32761122C","GALLEY","C",1
"32310122C","GALLEY","C",1
"322A9122C","GALLEY","C",1
"320BD122C","GALLEY","C",1
"3253E122C","GALLEY","C",1
"32512122C","GALLEY","C",1
"32025122C","GALLEY","C",1
"2FDAF122C","GALLEY","C",1
"31F72122C","GALLEY","C",1
"32296122C","GALLEY","C",1
"31BFF122C","GALLEY","C",1
"32021122C","GALLEY","C",1
"31FA4122C","GALLEY","C",1
"32516122C","GALLEY","C",1
"3218C122C","GALLEY","C",1
"31AE8122C","GALLEY","C",1
"31D59122C","GALLEY","C",1
"32053122C","GALLEY","C",1
"32019122C","GALLEY","C",1
"2EBBC122C","GALLEY","C",1
"325A2122C","GALLEY","C",1
"3250F122C","GALLEY","C",1
"31C45122C","GALLEY","C",1
"31DD1122C","GALLEY","C",1
"31ED9122C","GALLEY","C",1
"31BFB122C","GALLEY","C",1
"31B6C122C","GALLEY","C",1
"31F2D122C","GALLEY","C",1
"32433122C","GALLEY","C",1
"31E52122C","GALLEY","C",1
"31CD5122C","GALLEY","C",1
"3222F122C","GALLEY","C",1
"32628122C","GALLEY","C",1
"31DD4122C","GALLEY","C",1
"32627122C","GALLEY","C",1
"326BC122C","GALLEY","C",1
"323A1122C","GALLEY","C",1
"31FD2122C","GALLEY","C",1
"31E22122C","GALLEY","C",1
"31D5D122C","GALLEY","C",1
"320E5122C","GALLEY","C",1
"32599122C","GALLEY","C",1
"3204B122C","GALLEY","C",1
"326BA122C","GALLEY","C",1
"3262D122C","GALLEY","C",1
"324B3122C","GALLEY","C",1
"32395122C","GALLEY","C",1
"32543122C","GALLEY","C",1
"320BB122C","GALLEY","C",1
"320B8122C","GALLEY","C",1
"31EA3122C","GALLEY","C",1
"3213B122C","GALLEY","C",1
"32513122C","GALLEY","C",1
"31FD9122C","GALLEY","C",1
"31FD1122C","GALLEY","C",1
"32122122C","GALLEY","C",1
"3259F122C","GALLEY","C",1
"31CCE122C","GALLEY","C",1
"32650122C","GALLEY","C",1
"326AD122C","GALLEY","C",1
"31ED1122C","GALLEY","C",1
"31FD6122C","GALLEY","C",1
"3204E122C","GALLEY","C",1
"325C5122C","GALLEY","C",1
"31D58122C","GALLEY","C",1
"2FEC0122C","GALLEY","C",1
"2F0C1122C","GALLEY","C",1
"31EE3122C","GALLEY","C",1
"31CD3122C","GALLEY","C",1
"31C86122C","GALLEY","C",1
"31E23122C","GALLEY","C",1
"32757122C","GALLEY","C",1
"31D96122C","GALLEY","C",1
"31FF9122C","GALLEY","C",1
"32794122C","GALLEY","C",1
"31CD4122C","GALLEY","C",1
"31BF9122C","GALLEY","C",1
"3259D122C","GALLEY","C",1
"3205E122C","GALLEY","C",1
"326AB122C","GALLEY","C",1
"32052122C","GALLEY","C",1
"31AE2122C","GALLEY","C",1
"2EE0F122C","GALLEY","C",1
"2F9DC122C","GALLEY","C",1
"2FBBD122C","GALLEY","C",1
"2FC26122C","GALLEY","C",1
"2FC2C122C","GALLEY","C",1
"2FBC3122C","GALLEY","C",1
"2FC98122C","GALLEY","C",1
"2FD0A122C","GALLEY","C",1
"2FC2F122C","GALLEY","C",1
"2F9DE122C","GALLEY","C",1
"2FBC2122C","GALLEY","C",1
"2FC96122C","GALLEY","C",1
"2FC29122C","GALLEY","C",1
"2FCAB122C","GALLEY","C",1
"2FC8F122C","GALLEY","C",1
"2FE84122C","GALLEY","C",1
"2FD04122C","GALLEY","C",1
"2F9FF122C","GALLEY","C",1
"2F72A122C","GALLEY","C",1
"2FD08122C","GALLEY","C",1
"2F740122C","GALLEY","C",1
"2F9DF122C","GALLEY","C",1
"2FC31122C","GALLEY","C",1
"2EBC7122C","GALLEY","C",1
"2FF52122C","GALLEY","C",1
"2FBA0122C","GALLEY","C",1
"2FB9E122C","GALLEY","C",1
"2FF06122C","GALLEY","C",1
"2F970122C","GALLEY","C",1
"2F850122C","GALLEY","C",1
"30133122C","GALLEY","C",1
"2EB96122C","GALLEY","C",1
"2FBA4122C","GALLEY","C",1
"2F9D9122C","GALLEY","C",1
"2FCA9122C","GALLEY","C",1
"2FBBE122C","GALLEY","C",1
"2F9D5122C","GALLEY","C",1
"2FCF8122C","GALLEY","C",1
"2FDB1122C","GALLEY","C",1
"2F8E1122C","GALLEY","C",1
"2FD10122C","GALLEY","C",1
"2FC03122C","GALLEY","C",1
"2ED9E122C","GALLEY","C",1
"2FD08107C","GALLEY","C",1
"2F613122C","GALLEY","C",1
"2FC12122C","GALLEY","C",1
"2F959122C","GALLEY","C",1
"2FA01122C","GALLEY","C",1
"2FBA1122C","GALLEY","C",1
"2F7C7122C","GALLEY","C",1
"2F95A122C","GALLEY","C",1
"2FF5D122C","GALLEY","C",1
"2F9FE122C","GALLEY","C",1
"2F975122C","GALLEY","C",1
"2F7AE122C","CRUISE & ENT","C",1
"2FCA8122C","CRUISE & ENT","C",1
"2FC91122C","CRUISE & ENT","C",1
"2F9DD122C","CRUISE & ENT","C",1
"2FB9F122C","CRUISE & ENT","C",1
"30101122C","CRUISE & ENT","C",1
"2FF95122C","CRUISE & ENT","C",1
"2FCFC122C","CRUISE & ENT","C",1
"2FED2122C","CRUISE & ENT","C",1
"3006B122C","CRUISE & ENT","C",1
"2FE85122C","CRUISE & ENT","C",1
"2EBCB122C","CRUISE & ENT","C",1
"2FDEA122C","CRUISE & ENT","C",1
"2EB9A122C","CRUISE & ENT","C",1
"2FDA7122C","CRUISE & ENT","C",1
"2EBFB122C","CRUISE & ENT","C",1
"3009A122C","CRUISE & ENT","C",1
"30075122C","CRUISE & ENT","C",1
"2FC06122C","CRUISE & ENT","C",1
"2F724122C","CRUISE & ENT","C",1
"2F853122C","CRUISE & ENT","C",1
"2F726122C","CRUISE & ENT","C",1
"2F743122C","CRUISE & ENT","C",1
"2F7B4122C","CRUISE & ENT","C",1
"2F60B122C","CRUISE & ENT","C",1
"2F847122C","CRUISE & ENT","C",1
"2F612122C","CRUISE & ENT","C",1
"2F8E0122C","CRUISE & ENT","C",1
"2F848122C","CRUISE & ENT","C",1
"2F728122C","CRUISE & ENT","C",1
"2F6AF122C","CRUISE & ENT","C",1
"2F725122C","CRUISE & ENT","C",1
"2F589122C","CRUISE & ENT","C",1
"2FC2D122C","CRUISE & ENT","C",1
"2EBF7122C","CRUISE & ENT","C",1
"2F95B122C","CRUISE & ENT","C",1
"3009E122C","CRUISE & ENT","C",1
"2FFE2122C","CRUISE & ENT","C",1
"2F9D6122C","CRUISE & ENT","C",1
"2F9F9122C","CRUISE & ENT","C",1
"2F69D122C","CRUISE & ENT","C",1
"2F849122C","CRUISE & ENT","C",1
"2F7B6122C","CRUISE & ENT","C",1
"2FE8C122C","CRUISE & ENT","C",1
"2FC09122C","CRUISE & ENT","C",1
"3013B122C","CRUISE & ENT","C",1
"2FBC0122C","CRUISE & ENT","C",1
"2FC0C122C","CRUISE & ENT","C",1
"2F69B122C","CRUISE & ENT","C",1
"2F8DA122C","CRUISE & ENT","C",1
"2FE89122C","CRUISE & ENT","C",1
"2F8DC122C","CRUISE & ENT","C",1
"2F85C122C","CRUISE & ENT","C",1
"2F8E8122C","CRUISE & ENT","C",1
"2F8E4122C","CRUISE & ENT","C",1
"2F8E7122C","CRUISE & ENT","C",1
"2F727122C","CRUISE & ENT","C",1
"2F6A7122C","CRUISE & ENT","C",1
"2F8DE122C","CRUISE & ENT","C",1
"2F9FD122C","CRUISE & ENT","C",1
"2FC15122C","CRUISE & ENT","C",1
"2FA00122C","CRUISE & ENT","C",1
"2F84B122C","CRUISE & ENT","C",1
"2F96B122C","CRUISE & ENT","C",1
"2F84A122C","CRUISE & ENT","C",1
"2F854122C","CRUISE & ENT","C",1
"2F698122C","CRUISE & ENT","C",1
"2FD12122C","CRUISE & ENT","C",1
"2F7C5122C","CRUISE & ENT","C",1
"2F84C122C","CRUISE & ENT","C",1
"2F855122C","CRUISE & ENT","C",1
"2F729122C","CRUISE & ENT","C",1
"2FBFF122C","CRUISE & ENT","C",1
"2F7B2122C","CRUISE & ENT","C",1
"3F2D8122C","PASSENGER","P",1
"40329122C","PASSENGER","P",1
"41519122C","PASSENGER","P",1
"406FC122C","PASSENGER","P",1
"3FE72122C","PASSENGER","P",1
"40696122C","PASSENGER","P",1
"3FD35122C","PASSENGER","P",1
"40641122C","PASSENGER","P",1
"3F7FE122C","PASSENGER","P",1
"3F8E8122C","PASSENGER","P",1
"40911122C","PASSENGER","P",1
"408B1122C","PASSENGER","P",1
"414D8122C","PASSENGER","P",1
"400C3122C","PASSENGER","P",1
"3F962122C","PASSENGER","P",1
"3F99F122C","PASSENGER","P",1
"3FA08122C","PASSENGER","P",1
"3FED1122C","PASSENGER","P",1
"41068122C","PASSENGER","P",1
"40886122C","PASSENGER","P",1
"3F965122C","PASSENGER","P",1
"40D7E122C","PASSENGER","P",1
"3FC21122C","PASSENGER","P",1
"3FDE0122C","PASSENGER","P",1
"3FEF2122C","PASSENGER","P",1
"3E221122C","PASSENGER","P",1
"3EFCA122C","PASSENGER","P",1
"3F5B9122C","PASSENGER","P",1
"40566122C","PASSENGER","P",1
"3F959122C","PASSENGER","P",1
"4000B122C","PASSENGER","P",1
"404A9122C","PASSENGER","P",1
"3F8E6122C","PASSENGER","P",1
"4072D122C","PASSENGER","P",1
"401AC122C","PASSENGER","P",1
"40A0D122C","PASSENGER","P",1
"3FF47122C","PASSENGER","P",1
"40106122C","PASSENGER","P",1
"3F7C6122C","PASSENGER","P",1
"3F01F122C","PASSENGER","P",1
"40625122C","PASSENGER","P",1
"4097F122C","PASSENGER","P",1
"40622122C","PASSENGER","P",1
"406C6122C","PASSENGER","P",1
"40235122C","PASSENGER","P",1
"3FC24122C","PASSENGER","P",1
"40982122C","PASSENGER","P",1
"3EFB2122C","PASSENGER","P",1
"3F765122C","PASSENGER","P",1
"3FA78122C","PASSENGER","P",1
"4069D122C","PASSENGER","P",1
"3F0BA122C","PASSENGER","P",1
"3FAEF122C","PASSENGER","P",1
"40699122C","PASSENGER","P",1
"3FE42122C","PASSENGER","P",1
"3FA66122C","PASSENGER","P",1
"3F91E122C","PASSENGER","P",1
"3F921122C","PASSENGER","P",1
"3FDE7122C","PASSENGER","P",1
"3F9E1122C","PASSENGER","P",1
"3FF42122C","PASSENGER","P",1
"41169122C","PASSENGER","P",1
"4064B122C","PASSENGER","P",1
"3F1F1122C","PASSENGER","P",1
"3F098122C","PASSENGER","P",1
"4154A122C","PASSENGER","P",1
"403AF122C","PASSENGER","P",1
"3FD31122C","PASSENGER","P",1
"405BA122C","PASSENGER","P",1
"3FDE1122C","PASSENGER","P",1
"3FD01122C","PASSENGER","P",1
"3F874122C","PASSENGER","P",1
"3F294122C","PASSENGER","P",1
"3F7C4122C","PASSENGER","P",1
"3FFC3122C","PASSENGER","P",1
"409C9122C","PASSENGER","P",1
"3F997122C","PASSENGER","P",1
"3FA64122C","PASSENGER","P",1
"3EFB1122C","PASSENGER","P",1
"40324122C","PASSENGER","P",1
"3F678122C","PASSENGER","P",1
"4119A122C","PASSENGER","P",1
"3FE3F122C","PASSENGER","P",1
"414DD122C","PASSENGER","P",1
"3F261122C","PASSENGER","P",1
"413AD122C","PASSENGER","P",1
"406FD122C","PASSENGER","P",1
"40989122C","PASSENGER","P",1
"4053B122C","PASSENGER","P",1
"40885122C","PASSENGER","P",1
"4056A122C","PASSENGER","P",1
"3FD0C122C","PASSENGER","P",1
"3FD36122C","PASSENGER","P",1
"4090B122C","PASSENGER","P",1
"41216122C","PASSENGER","P",1
"40628122C","PASSENGER","P",1
"3FD0A122C","PASSENGER","P",1
"408A8122C","PASSENGER","P",1
"3F4BB122C","PASSENGER","P",1
"4088C122C","PASSENGER","P",1
"40941122C","PASSENGER","P",1
"3FB91122C","PASSENGER","P",1
"3FDE2122C","PASSENGER","P",1
"3FD6B122C","PASSENGER","P",1
"40644122C","PASSENGER","P",1
"4090C122C","PASSENGER","P",1
"401AA122C","PASSENGER","P",1
"4108F122C","PASSENGER","P",1
"41064122C","PASSENGER","P",1
"4098D122C","PASSENGER","P",1
"4093C122C","PASSENGER","P",1
"3FD69122C","PASSENGER","P",1
"3F69E122C","PASSENGER","P",1
"3F926122C","PASSENGER","P",1
"3EF31122C","PASSENGER","P",1
"3F10A122C","PASSENGER","P",1
"3F995122C","PASSENGER","P",1
"41061122C","PASSENGER","P",1
"3EE6D122C","PASSENGER","P",1
"4072A122C","PASSENGER","P",1
"4111C122C","PASSENGER","P",1
"405DB122C","PASSENGER","P",1
"40627122C","PASSENGER","P",1
"3FAED122C","PASSENGER","P",1
"3F67C122C","PASSENGER","P",1
"410E9122C","PASSENGER","P",1
"3FC86122C","PASSENGER","P",1
"408AA122C","PASSENGER","P",1
"405BD122C","PASSENGER","P",1
"3FB99122C","PASSENGER","P",1
"41386122C","PASSENGER","P",1
"3FD6F122C","PASSENGER","P",1
"41547122C","PASSENGER","P",1
"3F259122C","PASSENGER","P",1
"3F0C1122C","PASSENGER","P",1
"40821122C","PASSENGER","P",1
"405DC122C","PASSENGER","P",1
"3F17B122C","PASSENGER","P",1
"40107122C","PASSENGER","P",1
"403AB122C","PASSENGER","P",1
"40803122C","PASSENGER","P",1
"3FA65122C","PASSENGER","P",1
"4149F122C","PASSENGER","P",1
"403B2122C","PASSENGER","P",1
"3F21E122C","PASSENGER","P",1
"3EFAD122C","PASSENGER","P",1
"40910122C","PASSENGER","P",1
"3F35E122C","PASSENGER","P",1
"3F3BF122C","PASSENGER","P",1
"3F01E122C","PASSENGER","P",1
"40908122C","PASSENGER","P",1
"40938122C","PASSENGER","P",1
"4127B122C","PASSENGER","P",1
"41515122C","PASSENGER","P",1
"406F9122C","PASSENGER","P",1
"3FBFB122C","PASSENGER","P",1
"3FF44122C","PASSENGER","P",1
"3FA63122C","PASSENGER","P",1
"3F928122C","PASSENGER","P",1
"3FA16122C","PASSENGER","P",1
"40323122C","PASSENGER","P",1
"3FC26122C","PASSENGER","P",1
"3F677122C","PASSENGER","P",1
"3F053122C","PASSENGER","P",1
"3F7C8122C","PASSENGER","P",1
"412FB122C","PASSENGER","P",1
"3EFCC122C","PASSENGER","P",1
"3F9D7122C","PASSENGER","P",1
"3F608122C","PASSENGER","P",1
"3FC23122C","PASSENGER","P",1
"3FAEC122C","PASSENGER","P",1
"3FA5F122C","PASSENGER","P",1
"3F227122C","PASSENGER","P",1
"4081C122C","PASSENGER","P",1
"3F7F9122C","PASSENGER","P",1
"3FF7A122C","PASSENGER","P",1
"4019A122C","PASSENGER","P",1
"3F7CF122C","PASSENGER","P",1
"3F04F122C","PASSENGER","P",1
"3F2D4122C","PASSENGER","P",1
"3F143122C","PASSENGER","P",1
"3F8EC122C","PASSENGER","P",1
"3FA61122C","PASSENGER","P",1
"3F996122C","PASSENGER","P",1
"40565122C","PASSENGER","P",1
"3F8C3122C","PASSENGER","P",1
"402AB122C","PASSENGER","P",1
"3FD38122C","PASSENGER","P",1
"3F028122C","PASSENGER","P",1
"3F112122C","PASSENGER","P",1
"3F114122C","PASSENGER","P",1
"3F13D122C","PASSENGER","P",1
"3F69F122C","PASSENGER","P",1
"3F177122C","PASSENGER","P",1
"40437122C","PASSENGER","P",1
"3F924122C","PASSENGER","P",1
"3F872122C","PASSENGER","P",1
"3F84C122C","PASSENGER","P",1
"3FCAE122C","PASSENGER","P",1
"40109122C","PASSENGER","P",1
"41442122C","PASSENGER","P",1
"407A3122C","PASSENGER","P",1
"3F70C122C","PASSENGER","P",1
"3EF56122C","PASSENGER","P",1
"3F10E122C","PASSENGER","P",1
"405DD122C","PASSENGER","P",1
"3F8C4122C","PASSENGER","P",1
"3FA6A122C","PASSENGER","P",1
"403AA122C","PASSENGER","P",1
"3FACC122C","PASSENGER","P",1
"3ECB5122C","PASSENGER","P",1
"3FC27122C","PASSENGER","P",1
"3F925122C","PASSENGER","P",1
"406C3122C","PASSENGER","P",1
"3F058122C","PASSENGER","P",1
"406FE122C","PASSENGER","P",1
"3EF5C122C","PASSENGER","P",1
"40804122C","PASSENGER","P",1
"3FAF7122C","PASSENGER","P",1
"3FE4A122C","PASSENGER","P",1
"3FE78122C","PASSENGER","P",1
"40463122C","PASSENGER","P",1
"3F3D1122C","PASSENGER","P",1
"3F69C122C","PASSENGER","P",1
"4079D122C","PASSENGER","P",1
"4132E122C","PASSENGER","P",1
"3F223122C","PASSENGER","P",1
"3FACD122C","PASSENGER","P",1
"3F92A122C","PASSENGER","P",1
"3FFF9122C","PASSENGER","P",1
"3F7C7122C","PASSENGER","P",1
"3FB6C122C","PASSENGER","P",1
"3FE73122C","PASSENGER","P",1
"3F056122C","PASSENGER","P",1
"3F767122C","PASSENGER","P",1
"3FAF6122C","PASSENGER","P",1
"3F69D122C","PASSENGER","P",1
"3EF37122C","PASSENGER","P",1
"3F1ED122C","PASSENGER","P",1
"3FDE6122C","PASSENGER","P",1
"40445122C","PASSENGER","P",1
"40694122C","PASSENGER","P",1
"41069122C","PASSENGER","P",1
"3E2A1122C","PASSENGER","P",1
"3FA00122C","PASSENGER","P",1
"40140122C","PASSENGER","P",1
"400B3122C","PASSENGER","P",1
"414E1122C","PASSENGER","P",1
"40003122C","PASSENGER","P",1
"3F8C0122C","PASSENGER","P",1
"3EF5F122C","PASSENGER","P",1
"40808122C","PASSENGER","P",1
"40660122C","PASSENGER","P",1
"41517122C","PASSENGER","P",1
"404F8122C","PASSENGER","P",1
"3F60B122C","PASSENGER","P",1
"3F6A2122C","PASSENGER","P",1
"40826122C","PASSENGER","P",1
"405B8122C","PASSENGER","P",1
"413AA122C","PASSENGER","P",1
"3FAD1122C","PASSENGER","P",1
"4079E122C","PASSENGER","P",1
"3FD03122C","PASSENGER","P",1
"3EE44122C","PASSENGER","P",1
"40328122C","PASSENGER","P",1
"4088E122C","PASSENGER","P",1
"3FD02122C","PASSENGER","P",1
"403B9122C","PASSENGER","P",1
"3FDEA122C","PASSENGER","P",1
"3FEFA122C","PASSENGER","P",1
"3F8C2122C","PASSENGER","P",1
"3F04E122C","PASSENGER","P",1
"40623122C","PASSENGER","P",1
"3F1F3122C","PASSENGER","P",1
"3F7CC122C","PASSENGER","P",1
"40725122C","PASSENGER","P",1
"3F295122C","PASSENGER","P",1
"3F9DB122C","PASSENGER","P",1
"4141A122C","PASSENGER","P",1
"3F7C9122C","PASSENGER","P",1
"3F0B6122C","PASSENGER","P",1
"3F6F3122C","PASSENGER","P",1
"40087122C","PASSENGER","P",1
"3F11C122C","PASSENGER","P",1
"41063122C","PASSENGER","P",1
"3F518122C","PASSENGER","P",1
"3F99C122C","PASSENGER","P",1
"4019C122C","PASSENGER","P",1
"3F293122C","PASSENGER","P",1
"3FDE9122C","PASSENGER","P",1
"4057A122C","PASSENGER","P",1
"3FAF5122C","PASSENGER","P",1
"4020A122C","PASSENGER","P",1
"41098122C","PASSENGER","P",1
"3F62C122C","PASSENGER","P",1
"3FA04122C","PASSENGER","P",1
"40FE2122C","PASSENGER","P",1
"3FD0B122C","PASSENGER","P",1
"40537122C","PASSENGER","P",1
"3F175122C","PASSENGER","P",1
"3F681122C","PASSENGER","P",1
"408AE122C","PASSENGER","P",1
"41448122C","PASSENGER","P",1
"40432122C","PASSENGER","P",1
"4056B122C","PASSENGER","P",1
"40A10122C","PASSENGER","P",1
"40009122C","PASSENGER","P",1
"4022C122C","PASSENGER","P",1
"40083122C","PASSENGER","P",1
"3F054122C","PASSENGER","P",1
"3F8EB122C","PASSENGER","P",1
"3FB9A122C","PASSENGER","P",1
"3F2D2122C","PASSENGER","P",1
"4032A122C","PASSENGER","P",1
"40936122C","PASSENGER","P",1
"3F787122C","PASSENGER","P",1
"3EFAE122C","PASSENGER","P",1
"3F13C122C","PASSENGER","P",1
"41060122C","PASSENGER","P",1
"40111122C","PASSENGER","P",1
"40E10122C","PASSENGER","P",1
"3FCB8122C","PASSENGER","P",1
"3F7FA122C","PASSENGER","P",1
"40698122C","PASSENGER","P",1
"3F605122C","PASSENGER","P",1
"3F448122C","PASSENGER","P",1
"3FDBD122C","PASSENGER","P",1
"3F91F122C","PASSENGER","P",1
"3FCB1122C","PASSENGER","P",1
"3F70A122C","PASSENGER","P",1
"4065E122C","PASSENGER","P",1
"40440122C","PASSENGER","P",1
"403B6122C","PASSENGER","P",1
"403A5122C","PASSENGER","P",1
"3F515122C","PASSENGER","P",1
"3FCB6122C","PASSENGER","P",1
"404EA122C","PASSENGER","P",1
"405C1122C","PASSENGER","P",1
"3FB6B122C","PASSENGER","P",1
"3F601122C","PASSENGER","P",1
"4000A122C","PASSENGER","P",1
"3FD72122C","PASSENGER","P",1
"3F144122C","PASSENGER","P",1
"401B3122C","PASSENGER","P",1
"3F21C122C","PASSENGER","P",1
"3F19F122C","PASSENGER","P",1
"40568122C","PASSENGER","P",1
"3F09E122C","PASSENGER","P",1
"3F7CA122C","PASSENGER","P",1
"40904122C","PASSENGER","P",1
"409B9122C","PASSENGER","P",1
"3F5B0122C","PASSENGER","P",1
"3F440122C","PASSENGER","P",1
"3F53C122C","PASSENGER","P",1
"3F6F2122C","PASSENGER","P",1
"3F7CB122C","PASSENGER","P",1
"3F9DD122C","PASSENGER","P",1
"403B4122C","PASSENGER","P",1
"4029E122C","PASSENGER","P",1
"3F770122C","PASSENGER","P",1
"3FE44122C","PASSENGER","P",1
"3FB9B122C","PASSENGER","P",1
"3F178122C","PASSENGER","P",1
"3F6F9122C","PASSENGER","P",1
"3EF3A122C","PASSENGER","P",1
"3F1EC122C","PASSENGER","P",1
"404A6122C","PASSENGER","P",1
"3F09C122C","PASSENGER","P",1
"3F0BC122C","PASSENGER","P",1
"3FC84122C","PASSENGER","P",1
"3FB66122C","PASSENGER","P",1
"3FDC3122C","PASSENGER","P",1
"3EFAB122C","PASSENGER","P",1
"3FC22122C","PASSENGER","P",1
"3FD74122C","PASSENGER","P",1
"40198122C","PASSENGER","P",1
"404E5122C","PASSENGER","P",1
"4053C122C","PASSENGER","P",1
"4064A122C","PASSENGER","P",1
"3FFBE122C","PASSENGER","P",1
"3F055122C","PASSENGER","P",1
"3F2FD122C","PASSENGER","P",1
"405DE122C","PASSENGER","P",1
"3FB94122C","PASSENGER","P",1
"3FA0C122C","PASSENGER","P",1
"3FCB7122C","PASSENGER","P",1
"3FDE3122C","PASSENGER","P",1
"3F766122C","PASSENGER","P",1
"3F99B122C","PASSENGER","P",1
"404FB122C","PASSENGER","P",1
"403A3122C","PASSENGER","P",1
"404E4122C","PASSENGER","P",1
"404AE122C","PASSENGER","P",1
"3F9D0122C","PASSENGER","P",1
"404AB122C","PASSENGER","P",1
"3F84B122C","PASSENGER","P",1
"3F876122C","PASSENGER","P",1
"3F606122C","PASSENGER","P",1
"402AA122C","PASSENGER","P",1
"3FDE5122C","PASSENGER","P",1
"3F6F1122C","PASSENGER","P",1
"3FF4C122C","PASSENGER","P",1
"405D9122C","PASSENGER","P",1
"3F76B122C","PASSENGER","P",1
"40113122C","PASSENGER","P",1
"404F7122C","PASSENGER","P",1
"4088D122C","PASSENGER","P",1
"3FA02122C","PASSENGER","P",1
"40322122C","PASSENGER","P",1
"40D81122C","PASSENGER","P",1
"3F142122C","PASSENGER","P",1
"3FA80122C","PASSENGER","P",1
"40434122C","PASSENGER","P",1
"4154B122C","PASSENGER","P",1
"3FB65122C","PASSENGER","P",1
"409C5122C","PASSENGER","P",1
"32C3E122C","PASSENGER","P",1
"40820122C","PASSENGER","P",1
"3FBF4122C","PASSENGER","P",1
"3F871122C","PASSENGER","P",1
"3E1A1122C","PASSENGER","P",1
"4043F122C","PASSENGER","P",1
"40088122C","PASSENGER","P",1
"40436122C","PASSENGER","P",1
"40569122C","PASSENGER","P",1
"40007122C","PASSENGER","P",1
"40333122C","PASSENGER","P",1
"4119B122C","PASSENGER","P",1
"40587122C","PASSENGER","P",1
"407EC122C","PASSENGER","P",1
"40F64122C","PASSENGER","P",1
"4020F122C","PASSENGER","P",1
"40806122C","PASSENGER","P",1
"3F7F4122C","PASSENGER","P",1
"3FED3122C","PASSENGER","P",1
"3FD67122C","PASSENGER","P",1
"40E7C122C","PASSENGER","P",1
"40199122C","PASSENGER","P",1
"40EFD122C","PASSENGER","P",1
"403B7122C","PASSENGER","P",1
"40296122C","PASSENGER","P",1
"40337122C","PASSENGER","P",1
"40972122C","PASSENGER","P",1
"3E180122C","PASSENGER","P",1
"405BC122C","PASSENGER","P",1
"3FACB122C","PASSENGER","P",1
"3EEC2122C","PASSENGER","P",1
"410E3122C","PASSENGER","P",1
"409BB122C","PASSENGER","P",1
"3EF38122C","PASSENGER","P",1
"400B7122C","PASSENGER","P",1
"407A0122C","PASSENGER","P",1
"403BA122C","PASSENGER","P",1
"40776122C","PASSENGER","P",1
"3F7F8122C","PASSENGER","P",1
"40299122C","PASSENGER","P",1
"4079C122C","PASSENGER","P",1
"40297122C","PASSENGER","P",1
"401B9122C","PASSENGER","P",1
"40143122C","PASSENGER","P",1
"3E451122C","PASSENGER","P",1
"3FECD122C","PASSENGER","P",1
"40695122C","PASSENGER","P",1
"3F9E3122C","PASSENGER","P",1
"40624122C","PASSENGER","P",1
"4090D122C","PASSENGER","P",1
"3F998122C","PASSENGER","P",1
"404E1122C","PASSENGER","P",1
"4149E122C","PASSENGER","P",1
"40044122C","PASSENGER","P",1
"3FE6D122C","PASSENGER","P",1
"40564122C","PASSENGER","P",1
"4019B122C","PASSENGER","P",1
"4032D122C","PASSENGER","P",1
"40974122C","PASSENGER","P",1
"40592122C","PASSENGER","P",1
"40A0F122C","PASSENGER","P",1
"3F58A122C","PASSENGER","P",1
"3FF4D122C","PASSENGER","P",1
"3FE49122C","PASSENGER","P",1
"3F84A122C","PASSENGER","P",1
"3FBF2122C","PASSENGER","P",1
"403A6122C","PASSENGER","P",1
"405B9122C","PASSENGER","P",1
"413AC122C","PASSENGER","P",1
"3F364122C","PASSENGER","P",1
"40726122C","PASSENGER","P",1
"40117122C","PASSENGER","P",1
"3F86B122C","PASSENGER","P",1
"3FB95122C","PASSENGER","P",1
"3F629122C","PASSENGER","P",1
"40766122C","PASSENGER","P",1
"40F89122C","PASSENGER","P",1
"4090F122C","PASSENGER","P",1
"3F788122C","PASSENGER","P",1
"403AE122C","PASSENGER","P",1
"3FD71122C","PASSENGER","P",1
"4081F122C","PASSENGER","P",1
"40576122C","PASSENGER","P",1
"404AA122C","PASSENGER","P",1
"408B2122C","PASSENGER","P",1
"40142122C","PASSENGER","P",1
"4043E122C","PASSENGER","P",1
"40231122C","PASSENGER","P",1
"40330122C","PASSENGER","P",1
"40722122C","PASSENGER","P",1
"3F09A122C","PASSENGER","P",1
"4056E122C","PASSENGER","P",1
"3FAF2122C","PASSENGER","P",1
"40CFD122C","PASSENGER","P",1
"3F95E122C","PASSENGER","P",1
"406FB122C","PASSENGER","P",1
"3F29C122C","PASSENGER","P",1
"3F8E9122C","PASSENGER","P",1
"40EEF122C","PASSENGER","P",1
"4020E122C","PASSENGER","P",1
"3F76A122C","PASSENGER","P",1
"40A11122C","PASSENGER","P",1
"4079B122C","PASSENGER","P",1
"3F1A1122C","PASSENGER","P",1
"3F99E122C","PASSENGER","P",1
"40041122C","PASSENGER","P",1
"3F710122C","PASSENGER","P",1
"3FBF3122C","PASSENGER","P",1
"3FE75122C","PASSENGER","P",1
"3F140122C","PASSENGER","P",1
"3FF78122C","PASSENGER","P",1
"3FFB9122C","PASSENGER","P",1
"4053E122C","PASSENGER","P",1
"3FDE8122C","PASSENGER","P",1
"3F870122C","PASSENGER","P",1
"412FF122C","PASSENGER","P",1
"3FEF4122C","PASSENGER","P",1
"400BB122C","PASSENGER","P",1
"41511122C","PASSENGER","P",1
"3F110122C","PASSENGER","P",1
"3EECC122C","PASSENGER","P",1
"403AC122C","PASSENGER","P",1
"3F783122C","PASSENGER","P",1
"3F199122C","PASSENGER","P",1
"3F67B122C","PASSENGER","P",1
"3F307122C","PASSENGER","P",1
"40230122C","PASSENGER","P",1
"4047E122C","PASSENGER","P",1
"401B5122C","PASSENGER","P",1
"4080E122C","PASSENGER","P",1
"408A9122C","PASSENGER","P",1
"3FACA122C","PASSENGER","P",1
"3EF34122C","PASSENGER","P",1
"404EC122C","PASSENGER","P",1
"3FC1F122C","PASSENGER","P",1
"3FA7A122C","PASSENGER","P",1
"3FA68122C","PASSENGER","P",1
"40085122C","PASSENGER","P",1
"3FC29122C","PASSENGER","P",1
"40798122C","PASSENGER","P",1
"40236122C","PASSENGER","P",1
"40768122C","PASSENGER","P",1
"3EF5E122C","PASSENGER","P",1
"40295122C","PASSENGER","P",1
"3FAD2122C","PASSENGER","P",1
"40649122C","PASSENGER","P",1
"3F19D122C","PASSENGER","P",1
"3FB93122C","PASSENGER","P",1
"3EFAF122C","PASSENGER","P",1
"413A7122C","PASSENGER","P",1
"409C3122C","PASSENGER","P",1
"3FED6122C","PASSENGER","P",1
"40439122C","PASSENGER","P",1
"40441122C","PASSENGER","P",1
"3FDEB122C","PASSENGER","P",1
"3FC88122C","PASSENGER","P",1
"409CB122C","PASSENGER","P",1
"4097E122C","PASSENGER","P",1
"40909122C","PASSENGER","P",1
"40824122C","PASSENGER","P",1
"40570122C","PASSENGER","P",1
"41398122C","PASSENGER","P",1
"3FECC122C","PASSENGER","P",1
"4088A122C","PASSENGER","P",1
"4076F122C","PASSENGER","P",1
"3FDBE122C","PASSENGER","P",1
"40043122C","PASSENGER","P",1
"408AC122C","PASSENGER","P",1
"4043C122C","PASSENGER","P",1
"40887122C","PASSENGER","P",1
"4138A122C","PASSENGER","P",1
"3FB97122C","PASSENGER","P",1
"41449122C","PASSENGER","P",1
"407A2122C","PASSENGER","P",1
"406F4122C","PASSENGER","P",1
"3FB9C122C","PASSENGER","P",1
"3F847122C","PASSENGER","P",1
"403B0122C","PASSENGER","P",1
"3F25B122C","PASSENGER","P",1
"32FAA122C","PASSENGER","P",1
"403B3122C","PASSENGER","P",1
"3F8E7122C","PASSENGER","P",1
"3F022122C","PASSENGER","P",1
"3F70B122C","PASSENGER","P",1
"406F8122C","PASSENGER","P",1
"4132F122C","PASSENGER","P",1
"3F3BE122C","PASSENGER","P",1
"3FA7C122C","PASSENGER","P",1
"3F709122C","PASSENGER","P",1
"3F1EE122C","PASSENGER","P",1
"3F542122C","PASSENGER","P",1
"3FE74122C","PASSENGER","P",1
"3FFBD122C","PASSENGER","P",1
"3F226122C","PASSENGER","P",1
"3EFD6122C","PASSENGER","P",1
"3F769122C","PASSENGER","P",1
"3F43E122C","PASSENGER","P",1
"3F86F122C","PASSENGER","P",1
"3EE55122C","PASSENGER","P",1
"413A8122C","PASSENGER","P",1
"3E17D122C","PASSENGER","P",1
"3F51B122C","PASSENGER","P",1
"3F5B4122C","PASSENGER","P",1
"3F21D122C","PASSENGER","P",1
"3F298122C","PASSENGER","P",1
"3E1A4122C","PASSENGER","P",1
"403A8122C","PASSENGER","P",1
"405BE122C","PASSENGER","P",1
"4022B122C","PASSENGER","P",1
"4093D122C","PASSENGER","P",1
"40981122C","PASSENGER","P",1
"404E2122C","PASSENGER","P",1
"3F050122C","PASSENGER","P",1
"3F51E122C","PASSENGER","P",1
"40E88122C","PASSENGER","P",1
"40F09122C","PASSENGER","P",1
"3FA5B122C","PASSENGER","P",1
"3F95B122C","PASSENGER","P",1
"3FF48122C","PASSENGER","P",1
"3F8C7122C","PASSENGER","P",1
"40115122C","PASSENGER","P",1
"40567122C","PASSENGER","P",1
"40764122C","PASSENGER","P",1
"4106B122C","PASSENGER","P",1
"4093B122C","PASSENGER","P",1
"4076A122C","PASSENGER","P",1
"3FAF4122C","PASSENGER","P",1
"40193122C","PASSENGER","P",1
"3F4A9122C","PASSENGER","P",1
"40431122C","PASSENGER","P",1
"3F591122C","PASSENGER","P",1
"3FB96122C","PASSENGER","P",1
"4072B122C","PASSENGER","P",1
"40772122C","PASSENGER","P",1
"3F0B7122C","PASSENGER","P",1
"402A3122C","PASSENGER","P",1
"40E86122C","PASSENGER","P",1
"3E178122C","PASSENGER","P",1
"408FB122C","PASSENGER","P",1
"3FDC6122C","PASSENGER","P",1
"3F679122C","PASSENGER","P",1
"414DE122C","PASSENGER","P",1
"3EEBC122C","PASSENGER","P",1
"40DF4122C","PASSENGER","P",1
"4022F122C","PASSENGER","P",1
"3FDC4122C","PASSENGER","P",1
"3F91D122C","PASSENGER","P",1
"3FED4122C","PASSENGER","P",1
"3FF49122C","PASSENGER","P",1
"4069C122C","PASSENGER","P",1
"41410122C","PASSENGER","P",1
"4081D122C","PASSENGER","P",1
"403A4122C","PASSENGER","P",1
"401AB122C","PASSENGER","P",1
"3FD08122C","PASSENGER","P",1
"40211122C","PASSENGER","P",1
"3F602122C","PASSENGER","P",1
"3E115122C","PASSENGER","P",1
"409C1122C","PASSENGER","P",1
"3E0F0122C","PASSENGER","P",1
"40145122C","PASSENGER","P",1
"4003B122C","PASSENGER","P",1
"40620122C","PASSENGER","P",1
"403A9122C","PASSENGER","P",1
"3F8C8122C","PASSENGER","P",1
"4088B122C","PASSENGER","P",1
"3FD06122C","PASSENGER","P",1
"40939122C","PASSENGER","P",1
"3F9D3122C","PASSENGER","P",1
"3FC2B122C","PASSENGER","P",1
"3F9D1122C","PASSENGER","P",1
"3FFFD122C","PASSENGER","P",1
"4081E122C","PASSENGER","P",1
"3FB98122C","PASSENGER","P",1
"3FA77122C","PASSENGER","P",1
"414D7122C","PASSENGER","P",1
"3EFCF122C","PASSENGER","P",1
"4014A122C","PASSENGER","P",1
"3F4BF122C","PASSENGER","P",1
"412AD122C","PASSENGER","P",1
"3F436122C","PASSENGER","P",1
"3FECE122C","PASSENGER","P",1
"3F592122C","PASSENGER","P",1
"3F539122C","PASSENGER","P",1
"3F849122C","PASSENGER","P",1
"40A0C122C","PASSENGER","P",1
"40728122C","PASSENGER","P",1
"405BB122C","PASSENGER","P",1
"3E202122C","PASSENGER","P",1
"406FA122C","PASSENGER","P",1
"4069E122C","PASSENGER","P",1
"405E2122C","PASSENGER","P",1
"40084122C","PASSENGER","P",1
"3EEC4122C","PASSENGER","P",1
"415B3122C","PASSENGER","P",1
"4159A122C","PASSENGER","P",1
"40642122C","PASSENGER","P",1
"3F848122C","PASSENGER","P",1
"40215122C","PASSENGER","P",1
"411F5122C","PASSENGER","P",1
"40448122C","PASSENGER","P",1
"404AC122C","PASSENGER","P",1
"3F260122C","PASSENGER","P",1
"3EE71122C","PASSENGER","P",1
"3FE77122C","PASSENGER","P",1
"408AF122C","PASSENGER","P",1
"3F25F122C","PASSENGER","P",1
"3FC2A122C","PASSENGER","P",1
"403B1122C","PASSENGER","P",1
"3F84F122C","PASSENGER","P",1
"3F604122C","PASSENGER","P",1
"41418122C","PASSENGER","P",1
"405C0122C","PASSENGER","P",1
"414A3122C","PASSENGER","P",1
"4029B122C","PASSENGER","P",1
"400B9122C","PASSENGER","P",1
"4076B122C","PASSENGER","P",1
"3F8ED122C","PASSENGER","P",1
"3F305122C","PASSENGER","P",1
"40E08122C","PASSENGER","P",1
"40913122C","PASSENGER","P",1
"40654122C","PASSENGER","P",1
"40195122C","PASSENGER","P",1
"3F768122C","PASSENGER","P",1
"3F17D122C","PASSENGER","P",1
"3F517122C","PASSENGER","P",1
"3FFF7122C","PASSENGER","P",1
"3EE4D122C","PASSENGER","P",1
"3F3D2122C","PASSENGER","P",1
"3F95D122C","PASSENGER","P",1
"3F533122C","PASSENGER","P",1
"3F097122C","PASSENGER","P",1
"40762122C","PASSENGER","P",1
"3F094122C","PASSENGER","P",1
"40331122C","PASSENGER","P",1
"3F9D5122C","PASSENGER","P",1
"3F5B3122C","PASSENGER","P",1
"40889122C","PASSENGER","P",1
"4080B122C","PASSENGER","P",1
"3F34A122C","PASSENGER","P",1
"40233122C","PASSENGER","P",1
"409BA122C","PASSENGER","P",1
"3FFBF122C","PASSENGER","P",1
"3FF73122C","PASSENGER","P",1
"3FF7C122C","PASSENGER","P",1
"40985122C","PASSENGER","P",1
"3F603122C","PASSENGER","P",1
"404E7122C","PASSENGER","P",1
"4080D122C","PASSENGER","P",1
"4086A122C","PASSENGER","P",1
"3FF77122C","PASSENGER","P",1
"401AF122C","PASSENGER","P",1
"3F43F122C","PASSENGER","P",1
"3F3C6122C","PASSENGER","P",1
"3F594122C","PASSENGER","P",1
"3F2D7122C","PASSENGER","P",1
"40298122C","PASSENGER","P",1
"4008D122C","PASSENGER","P",1
"4032F122C","PASSENGER","P",1
"404E3122C","PASSENGER","P",1
"408A7122C","PASSENGER","P",1
"40E84122C","PASSENGER","P",1
"3FDC5122C","PASSENGER","P",1
"3F439122C","PASSENGER","P",1
"40335122C","PASSENGER","P",1
"40F82122C","PASSENGER","P",1
"40980122C","PASSENGER","P",1
"3EF35122C","PASSENGER","P",1
"3F304122C","PASSENGER","P",1
"3FD32122C","PASSENGER","P",1
"3FB92122C","PASSENGER","P",1
"40476122C","PASSENGER","P",1
"40563122C","PASSENGER","P",1
"3F84E122C","PASSENGER","P",1
"3F5B6122C","PASSENGER","P",1
"3F6EE122C","PASSENGER","P",1
"3F1A5122C","PASSENGER","P",1
"405D8122C","PASSENGER","P",1
"3EEE8122C","PASSENGER","P",1
"3EF59122C","PASSENGER","P",1
"3F17A122C","PASSENGER","P",1
"415B1122C","PASSENGER","P",1
"40443122C","PASSENGER","P",1
"3FCB4122C","PASSENGER","P",1
"3FFC4122C","PASSENGER","P",1
"40646122C","PASSENGER","P",1
"40626122C","PASSENGER","P",1
"3F4BC122C","PASSENGER","P",1
"3FF7B122C","PASSENGER","P",1
"400B2122C","PASSENGER","P",1
"40774122C","PASSENGER","P",1
"40EF3122C","PASSENGER","P",1
"41392122C","PASSENGER","P",1
"4069A122C","PASSENGER","P",1
"3F6A3122C","PASSENGER","P",1
"3F25C122C","PASSENGER","P",1
"3FEF6122C","PASSENGER","P",1
"3FA7F122C","PASSENGER","P",1
"4116E122C","PASSENGER","P",1
"3F70F122C","PASSENGER","P",1
"40534122C","PASSENGER","P",1
"3FB6E122C","PASSENGER","P",1
"40805122C","PASSENGER","P",1
"40905122C","PASSENGER","P",1
"3F43A122C","PASSENGER","P",1
"3F3CC122C","PASSENGER","P",1
"3F7F6122C","PASSENGER","P",1
"3FCB0122C","PASSENGER","P",1
"4032C122C","PASSENGER","P",1
"3F58B122C","PASSENGER","P",1
"3F51A122C","PASSENGER","P",1
"3F302122C","PASSENGER","P",1
"4061E122C","PASSENGER","P",1
"4003D122C","PASSENGER","P",1
"3F365122C","PASSENGER","P",1
"3F445122C","PASSENGER","P",1
"3F628122C","PASSENGER","P",1
"3FCAF122C","PASSENGER","P",1
"40643122C","PASSENGER","P",1
"40438122C","PASSENGER","P",1
"3FF43122C","PASSENGER","P",1
"4058A122C","PASSENGER","P",1
"3FDC1122C","PASSENGER","P",1
"3F441122C","PASSENGER","P",1
"41599122C","PASSENGER","P",1
"4090A122C","PASSENGER","P",1
"4069F122C","PASSENGER","P",1
"405E1122C","PASSENGER","P",1
"3EE6A122C","PASSENGER","P",1
"3EEC8122C","PASSENGER","P",1
"4093E122C","PASSENGER","P",1
"40086122C","PASSENGER","P",1
"3F8C1122C","PASSENGER","P",1
"40535122C","PASSENGER","P",1
"404E8122C","PASSENGER","P",1
"40E8A122C","PASSENGER","P",1
"41411122C","PASSENGER","P",1
"3F34B122C","PASSENGER","P",1
"4069B122C","PASSENGER","P",1
"3F625122C","PASSENGER","P",1
"3F5B7122C","PASSENGER","P",1
"3F3CB122C","PASSENGER","P",1
"41415122C","PASSENGER","P",1
"40723122C","PASSENGER","P",1
"3F34E122C","PASSENGER","P",1
"3F437122C","PASSENGER","P",1
"3F923122C","PASSENGER","P",1
"3F7CE122C","PASSENGER","P",1
"3F76E122C","PASSENGER","P",1
"3F35C122C","PASSENGER","P",1
"414DC122C","PASSENGER","P",1
"3F99D122C","PASSENGER","P",1
"3FD33122C","PASSENGER","P",1
"3F221122C","PASSENGER","P",1
"3F513122C","PASSENGER","P",1
"3F3C8122C","PASSENGER","P",1
"3FBFC122C","PASSENGER","P",1
"3FB68122C","PASSENGER","P",1
"40197122C","PASSENGER","P",1
"3F300122C","PASSENGER","P",1
"3F67E122C","PASSENGER","P",1
"3F3C1122C","PASSENGER","P",1
"3FED0122C","PASSENGER","P",1
"400BD122C","PASSENGER","P",1
"3FBF9122C","PASSENGER","P",1
"3F4B3122C","PASSENGER","P",1
"3F99A122C","PASSENGER","P",1
"3F11E122C","PASSENGER","P",1
"3F6F0122C","PASSENGER","P",1
"415A9122C","PASSENGER","P",1
"3F593122C","PASSENGER","P",1
"3EFDA122C","PASSENGER","P",1
"3F2CD122C","PASSENGER","P",1
"3F35D122C","PASSENGER","P",1
"4029F122C","PASSENGER","P",1
"3FC8A122C","PASSENGER","P",1
"401BB122C","PASSENGER","P",1
"4019D122C","PASSENGER","P",1
"3F609122C","PASSENGER","P",1
"3EFA9122C","PASSENGER","P",1
"4081B122C","PASSENGER","P",1
"3EE70122C","PASSENGER","P",1
"40042122C","PASSENGER","P",1
"3F344122C","PASSENGER","P",1
"4053F122C","PASSENGER","P",1
"3F349122C","PASSENGER","P",1
"40480122C","PASSENGER","P",1
"3F296122C","PASSENGER","P",1
"3F2D6122C","PASSENGER","P",1
"3F4AC122C","PASSENGER","P",1
"3F95C122C","PASSENGER","P",1
"3FF7D122C","PASSENGER","P",1
"3F541122C","PASSENGER","P",1
"3F2CF122C","PASSENGER","P",1
"3FE45122C","PASSENGER","P",1
"3FC28122C","PASSENGER","P",1
"3F363122C","PASSENGER","P",1
"3F6A0122C","PASSENGER","P",1
"4008A122C","PASSENGER","P",1
"4079A122C","PASSENGER","P",1
"406F7122C","PASSENGER","P",1
"3E90E122C","PASSENGER","P",1
"3FAD5122C","PASSENGER","P",1
"3F447122C","PASSENGER","P",1
"3FED5122C","PASSENGER","P",1
"3FAF0122C","PASSENGER","P",1
"3F86D122C","PASSENGER","P",1
"3F434122C","PASSENGER","P",1
"3F70E122C","PASSENGER","P",1
"40210122C","PASSENGER","P",1
"4032E122C","PASSENGER","P",1
"40E73122C","PASSENGER","P",1
"4053A122C","PASSENGER","P",1
"40326122C","PASSENGER","P",1
"4098B122C","PASSENGER","P",1
"4077A122C","PASSENGER","P",1
"3FBF8122C","PASSENGER","P",1
"40D6C122C","PASSENGER","P",1
"4008E122C","PASSENGER","P",1
"3FA06122C","PASSENGER","P",1
"40539122C","PASSENGER","P",1
"3F0B9122C","PASSENGER","P",1
"3EFD4122C","PASSENGER","P",1
"405E0122C","PASSENGER","P",1
"40601122C","PASSENGER","P",1
"407D9122C","PASSENGER","P",1
"41198122C","PASSENGER","P",1
"40045122C","PASSENGER","P",1
"40807122C","PASSENGER","P",1
"40648122C","PASSENGER","P",1
"4029D122C","PASSENGER","P",1
"3FD09122C","PASSENGER","P",1
"3F180122C","PASSENGER","P",1
"3EF5B122C","PASSENGER","P",1
"3F095122C","PASSENGER","P",1
"3F5B1122C","PASSENGER","P",1
"3EEBD122C","PASSENGER","P",1
"3F95A122C","PASSENGER","P",1
"4064C122C","PASSENGER","P",1
"3FA5D122C","PASSENGER","P",1
"3F9D9122C","PASSENGER","P",1
"3F8E3122C","PASSENGER","P",1
"3F4BE122C","PASSENGER","P",1
"40536122C","PASSENGER","P",1
"3CA55122C","PASSENGER","P",1
"409BF122C","PASSENGER","P",1
"3F345122C","PASSENGER","P",1
"3F225122C","PASSENGER","P",1
"3FFFB122C","PASSENGER","P",1
"3FF4A122C","PASSENGER","P",1
"408B0122C","PASSENGER","P",1
"3F8E4122C","PASSENGER","P",1
"3F25A122C","PASSENGER","P",1
"3FACE122C","PASSENGER","P",1
"3F093122C","PASSENGER","P",1
"3FCB3122C","PASSENGER","P",1
"3EF32122C","PASSENGER","P",1
"3FA14122C","PASSENGER","P",1
"40209122C","PASSENGER","P",1
"40799122C","PASSENGER","P",1
"3FA76122C","PASSENGER","P",1
"3F9DF122C","PASSENGER","P",1
"3FE76122C","PASSENGER","P",1
"3FE46122C","PASSENGER","P",1
"40338122C","PASSENGER","P",1
"3FB67122C","PASSENGER","P",1
"3F29B122C","PASSENGER","P",1
"403B5122C","PASSENGER","P",1
"3FFC0122C","PASSENGER","P",1
"3FED7122C","PASSENGER","P",1
"3FD6D122C","PASSENGER","P",1
"3EA2E122C","PASSENGER","P",1
"405DA122C","PASSENGER","P",1
"3FC83122C","PASSENGER","P",1
"40433122C","PASSENGER","P",1
"40809122C","PASSENGER","P",1
"3FF72122C","PASSENGER","P",1
"4065F122C","PASSENGER","P",1
"3F446122C","PASSENGER","P",1
"405B7122C","PASSENGER","P",1
"40409122C","PASSENGER","P",1
"3E318122C","PASSENGER","P",1
"4010F122C","PASSENGER","P",1
"40590122C","PASSENGER","P",1
"40F66122C","PASSENGER","P",1
"4032B122C","PASSENGER","P",1
"3F10C122C","PASSENGER","P",1
"41514122C","PASSENGER","P",1
"40327122C","PASSENGER","P",1
"3E19E122C","PASSENGER","P",1
"3FEF0122C","PASSENGER","P",1
"4077122C","PASSENGER","P",1
"4065A122C","PASSENGER","P",1
"402A0122C","PASSENGER","P",1
"40219122C","PASSENGER","P",1
"406F6122C","PASSENGER","P",1
"3F514122C","PASSENGER","P",1
"3F5B8122C","PASSENGER","P",1
"3F301122C","PASSENGER","P",1
"3EF54122C","PASSENGER","P",1
"3F444122C","PASSENGER","P",1
"3FE43122C","PASSENGER","P",1
"3FEF9122C","PASSENGER","P",1
"4010B122C","PASSENGER","P",1
"3FB69122C","PASSENGER","P",1
"3FDC8122C","PASSENGER","P",1
"3F360122C","PASSENGER","P",1
"3F29D122C","PASSENGER","P",1
"4008C122C","PASSENGER","P",1
"404A8122C","PASSENGER","P",1
"40538122C","PASSENGER","P",1
"3F6F4122C","PASSENGER","P",1
"3F6A6122C","PASSENGER","P",1
"3F25E122C","PASSENGER","P",1
"3F7C5122C","PASSENGER","P",1
"4064F122C","PASSENGER","P",1
"40727122C","PASSENGER","P",1
"3EF33122C","PASSENGER","P",1
"4022E122C","PASSENGER","P",1
"411FD122C","PASSENGER","P",1
"40EF5122C","PASSENGER","P",1
"401AD122C","PASSENGER","P",1
"4029C122C","PASSENGER","P",1
"4056D122C","PASSENGER","P",1
"4080A122C","PASSENGER","P",1
"405B6122C","PASSENGER","P",1
"4072C122C","PASSENGER","P",1
"40148122C","PASSENGER","P",1
"40647122C","PASSENGER","P",1
"402A5122C","PASSENGER","P",1
"402A2122C","PASSENGER","P",1
"404B0122C","PASSENGER","P",1
"4029A122C","PASSENGER","P",1
"415AD122C","PASSENGER","P",1
"40767122C","PASSENGER","P",1
"4076C122C","PASSENGER","P",1
"40336122C","PASSENGER","P",1
"404AD122C","PASSENGER","P",1
"3FE48122C","PASSENGER","P",1
"3F535122C","PASSENGER","P",1
"41326122C","PASSENGER","P",1
"4093A122C","PASSENGER","P",1
"40001122C","PASSENGER","P",1
"3F13B122C","PASSENGER","P",1
"41166122C","PASSENGER","P",1
"3F17F122C","PASSENGER","P",1
"414A6122C","PASSENGER","P",1
"40465122C","PASSENGER","P",1
"3F922122C","PASSENGER","P",1
"41441122C","PASSENGER","P",1
"41413122C","PASSENGER","P",1
"3FC81122C","PASSENGER","P",1
"3F8C6122C","PASSENGER","P",1
"3EFCB122C","PASSENGER","P",1
"3FAD3122C","PASSENGER","P",1
"4056C122C","PASSENGER","P",1
"4132C122C","PASSENGER","P",1
"3F76D122C","PASSENGER","P",1
"3FDE4122C","PASSENGER","P",1
"3F6F8122C","PASSENGER","P",1
"40192122C","PASSENGER","P",1
"3FAF1122C","PASSENGER","P",1
"3F7FB122C","PASSENGER","P",1
"3F784122C","PASSENGER","P",1
"40D83122C","PASSENGER","P",1
"40937122C","PASSENGER","P",1
"3FD05122C","PASSENGER","P",1
"404EB122C","PASSENGER","P",1
"4003F122C","PASSENGER","P",1
"3FB64122C","PASSENGER","P",1
"3F682122C","PASSENGER","P",1
"40005122C","PASSENGER","P",1
"3FE40122C","PASSENGER","P",1
"3FCB2122C","PASSENGER","P",1
"3F850122C","PASSENGER","P",1
"3F4AE122C","PASSENGER","P",1
"3FD30122C","PASSENGER","P",1
"3FFBC122C","PASSENGER","P",1
"4053D122C","PASSENGER","P",1
"404AF122C","PASSENGER","P",1
"403A7122C","PASSENGER","P",1
"40144122C","PASSENGER","P",1
"414A5122C","PASSENGER","P",1
"413B1122C","PASSENGER","P",1
"40447122C","PASSENGER","P",1
"3E659122C","PASSENGER","P",1
"40663122C","PASSENGER","P",1
"414A0122C","PASSENGER","P",1
"3F21F122C","PASSENGER","P",1
"3F77E122C","PASSENGER","P",1
"40325122C","PASSENGER","P",1
"3FF75122C","PASSENGER","P",1
"3F86C122C","PASSENGER","P",1
"40149122C","PASSENGER","P",1
"3FF76122C","PASSENGER","P",1
"40446122C","PASSENGER","P",1
"40046122C","PASSENGER","P",1
"3EEE6122C","PASSENGER","P",1
"3F19B122C","PASSENGER","P",1
"4154C122C","PASSENGER","P",1
"40697122C","PASSENGER","P",1
"3F3C9122C","PASSENGER","P",1
"40748122C","PASSENGER","P",1
"414A4122C","PASSENGER","P",1
"3F3CF122C","PASSENGER","P",1
"3FD04122C","PASSENGER","P",1
"400B4122C","PASSENGER","P",1
"3FEF1122C","PASSENGER","P",1
"3F224122C","PASSENGER","P",1
"3F67A122C","PASSENGER","P",1
"41446122C","PASSENGER","P",1
"40729122C","PASSENGER","P",1
"3E703122C","PASSENGER","P",1
"3F86E122C","PASSENGER","P",1
"3F3C3122C","PASSENGER","P",1
"3F8E5122C","PASSENGER","P",1
"3F994122C","PASSENGER","P",1
"3F0C0122C","PASSENGER","P",1
"3FD70122C","PASSENGER","P",1
"3F4B5122C","PASSENGER","P",1
"3FC82122C","PASSENGER","P",1
"3F6A5122C","PASSENGER","P",1
"3F624122C","PASSENGER","P",1
"3EE6E122C","PASSENGER","P",1
"3FA12122C","PASSENGER","P",1
"3F3BC122C","PASSENGER","P",1
"3FACF122C","PASSENGER","P",1
"3F09D122C","PASSENGER","P",1
"41447122C","PASSENGER","P",1
"3FE71122C","PASSENGER","P",1
"414E0122C","PASSENGER","P",1
"402A1122C","PASSENGER","P",1
"40444122C","PASSENGER","P",1
"40591122C","PASSENGER","P",1
"4020C122C","PASSENGER","P",1
"40234122C","PASSENGER","P",1
"3FA7D122C","PASSENGER","P",1
"3F516122C","PASSENGER","P",1
"40A0E122C","PASSENGER","P",1
"3FAEE122C","PASSENGER","P",1
"3EF5A122C","PASSENGER","P",1
"3F2FE122C","PASSENGER","P",1
"3F433122C","PASSENGER","P",1
"4088F122C","PASSENGER","P",1
"3FC89122C","PASSENGER","P",1
"40332122C","PASSENGER","P",1
"3FE6F122C","PASSENGER","P",1
"402A9122C","PASSENGER","P",1
"4119D122C","PASSENGER","P",1
"3FFC2122C","PASSENGER","P",1
"40334122C","PASSENGER","P",1
"40606122C","PASSENGER","P",1
"3DA95122C","PASSENGER","P",1
"3FA7E122C","PASSENGER","P",1
"3FA0A122C","PASSENGER","P",1
"412FC122C","PASSENGER","P",1
"40147122C","PASSENGER","P",1
"4149C122C","PASSENGER","P",1
"404FC122C","PASSENGER","P",1
"400BF122C","PASSENGER","P",1
"40105122C","PASSENGER","P",1
"3FBFA122C","PASSENGER","P",1
"410E6122C","PASSENGER","P",1
"40DF1122C","PASSENGER","P",1
"402AC122C","PASSENGER","P",1
"40500122C","PASSENGER","P",1
"40208122C","PASSENGER","P",1
"3FF4B122C","PASSENGER","P",1
"404B1122C","PASSENGER","P",1
"407D4122C","PASSENGER","P",1
"3F76F122C","PASSENGER","P",1
"4079F122C","PASSENGER","P",1
"3FD73122C","PASSENGER","P",1
"411F6122C","PASSENGER","P",1
"40146122C","PASSENGER","P",1
"408AD122C","PASSENGER","P",1
"40724122C","PASSENGER","P",1
"3FFFF122C","PASSENGER","P",1
"3F7CD122C","PASSENGER","P",1
"3F139122C","PASSENGER","P",1
"3F34D122C","PASSENGER","P",1
"3FDC0122C","PASSENGER","P",1
"3F43D122C","PASSENGER","P",1
"3F2CE122C","PASSENGER","P",1
"3F13A122C","PASSENGER","P",1
"3F626122C","PASSENGER","P",1
"4047C122C","PASSENGER","P",1
"3F43C122C","PASSENGER","P",1
"3FF79122C","PASSENGER","P",1
"40572122C","PASSENGER","P",1
"408AB122C","PASSENGER","P",1
"3F920122C","PASSENGER","P",1
